<?xml version="1.0" encoding="UTF-8" standalone="yes"?>
<addon id="plugin.audio.jacksonradios" name="Jackson IPTV" version="1.0.1" provider-name="Jackson">
    <requires>
        <import addon="xbmc.python" version="3.0.0"/>
    </requires>
    <extension point="xbmc.python.pluginsource" library="default.py">
        <provides>audio</provides>
    </extension>
    <extension point="xbmc.addon.metadata">
        <summary lang="pt_BR">Minha Lista Personalizada de Rádios</summary>
        <description lang="pt_BR">Trabalhando duro para transformar sonhos em realidade. Lista completa de Rádios organizada pelo Jackson.</description>
        <platform>all</platform>
        <assets>
            <icon>icon.png</icon>
            <fanart>fanart.png</fanart>
        </assets>
    </extension>
</addon>
